test,
test,
test,
Jamie,
5.2965e-310,5.2965e-310,5.2965e-310,5.2965e-310,5.2965e-310,5.2965e-310,5.2965e-310,5.2965e-310,5.26934e-310,0,0,0,0,0,0,0,0,0
5.21502e-310,5.21502e-310,5.21502e-310,5.21502e-310,5.21502e-310,5.21502e-310,5.21502e-310,5.21502e-310,5.21502e-310,0,0,0,0,0,0,0,0,0
5.24218e-310,5.24218e-310,5.24218e-310,5.24218e-310,5.24218e-310,5.24218e-310,5.24218e-310,5.24218e-310,5.24218e-310,0,0,0,0,0,0,0,0,0
