test,
5.24218e-310,5.24218e-310,5.24218e-310,5.24218e-310,5.24218e-310,5.24218e-310,5.24218e-310,5.24218e-310,5.21502e-310,0,0,0,44,0,0,0,0,0
